Id,Open Year,Bit City,Type,P1,P2,P3,P4,P5,P6,P7,P8,P9,P10,P11,P12,P13,P14,P15,P16,P17,P18,P19,P20,P21,P22,P23,P24,P25,P26,P27,P28,P29,P30,P31,P32,P33,P34,P35,P36,P37,revenue0,1999,1,1,4,5,4,4,2,2,5,4,5,5,3,5,5,1,2,2,2,4,5,4,1,3,3,1,1,1,4,2,3,5,3,4,5,5,4,3,4,56537531,2008,1,2,4,5,4,4,1,2,5,5,5,5,1,5,5,0,0,0,0,0,3,2,1,3,2,0,0,0,0,3,3,0,0,0,0,0,0,0,0,69231312,2013,0,1,2,4,2,5,2,3,5,5,5,5,2,5,5,0,0,0,0,0,1,1,1,1,1,0,0,0,0,1,3,0,0,0,0,0,0,0,0,20553793,2012,0,1,6,4.5,6,6,4,4,10,8,10,10,8,10,7.5,6,4,9,3,12,20,12,6,1,10,2,2,2.5,2.5,2.5,7.5,25,12,10,6,18,12,12,6,26755114,2009,0,1,3,4,3,4,2,2,5,5,5,5,2,5,5,2,1,2,1,4,2,2,1,2,1,2,3,3,5,1,3,5,1,3,2,3,4,3,3,43167155,2010,1,2,6,6,4.5,7.5,8,10,10,8,8,8,10,8,6,0,0,0,0,0,5,6,3,1,5,0,0,0,0,7.5,5,0,0,0,0,0,0,0,0,50173196,2010,1,1,2,3,4,4,1,5,5,5,5,5,2,5,5,3,4,4,3,4,2,4,1,2,1,5,4,4,5,1,3,4,5,2,2,3,5,4,4,51666357,2011,1,1,4,5,4,5,2,3,5,4,4,4,4,3,4,0,0,0,0,0,3,5,2,4,2,0,0,0,0,3,2,0,0,0,0,0,0,0,0,44916078,2010,0,1,1,1,4,4,1,2,1,5,5,5,1,5,5,1,1,2,1,4,1,1,1,1,1,4,4,4,2,2,3,4,5,5,3,4,5,4,5,49524979,2011,0,1,6,4.5,6,7.5,6,4,10,10,10,10,2,10,7.5,0,0,0,0,0,25,3,3,1,10,0,0,0,0,5,2.5,0,0,0,0,0,0,0,0,544422710,2013,0,2,9,6,6,6,4,4,10,8,10,10,8,10,7.5,0,0,0,0,0,25,15,15,3,20,0,0,0,0,10,2.5,0,0,0,0,0,0,0,0,374513511,2012,1,1,2,4,4,4,2,5,5,5,5,5,2,5,5,2,2,5,2,4,2,5,1,1,3,5,2,3,5,3,3,5,5,4,2,3,4,4,2,516137012,2013,1,1,2,2,4,4,2,1,5,4,5,5,3,5,5,0,0,0,0,0,3,4,1,2,2,0,0,0,0,1,3,0,0,0,0,0,0,0,0,173463413,2010,1,2,4,5,4,4,1,3,5,5,5,5,2,5,5,0,0,0,0,0,3,4,1,2,1,0,0,0,0,3,3,0,0,0,0,0,0,0,0,480774614,2011,0,2,2,2,4,4,1,2,5,5,5,5,2,5,5,0,0,0,0,0,3,3,1,3,2,0,0,0,0,2,3,0,0,0,0,0,0,0,0,199909715,2012,1,1,12,7.5,6,6,2,10,10,10,10,10,4,10,7.5,3,10,15,3,12,10,9,3,2,5,8,8,10,2.5,7.5,7.5,5,15,20,2,12,3,16,4,321891816,2000,1,2,3,5,4,4,2,5,5,4,5,4,3,5,4,0,0,0,0,0,1,4,1,1,1,0,0,0,0,2,2,0,0,0,0,0,0,0,0,1969693917,2009,1,2,2,4,4,5,1,3,5,4,5,5,3,5,5,0,0,0,0,0,1,1,1,1,1,0,0,0,0,1,1,0,0,0,0,0,0,0,0,821352418,2012,1,1,4,5,4,3,1,2,5,5,5,5,2,5,5,3,2,3,2,3,4,5,1,4,2,5,3,3,3,2,3,3,5,5,4,4,4,3,2,533752619,2011,0,1,2,4,4,4,2,2,5,5,4,4,1,3,4,0,0,0,0,0,2,1,1,1,1,0,0,0,0,2,3,0,0,0,0,0,0,0,0,202193420,2010,0,1,3,4,4,4,2,2,5,4,5,5,3,5,5,3,5,5,4,4,5,5,1,1,5,2,4,1,5,1,3,5,1,2,2,4,5,5,4,552573521,2014,1,2,5,5,4,4,2,2,5,4,4,4,4,3,4,0,0,0,0,0,4,5,1,3,1,0,0,0,0,3,1,0,0,0,0,0,0,0,0,114987022,2006,0,2,9,6,6,6,4,6,10,10,10,10,2,10,7.5,0,0,0,0,0,15,12,3,3,10,0,0,0,0,7.5,7.5,0,0,0,0,0,0,0,0,395608623,2009,0,2,2,4,4,4,2,2,5,3,4,4,5,4,4,0,0,0,0,0,2,2,1,1,1,0,0,0,0,2,3,0,0,0,0,0,0,0,0,299906824,2009,1,1,5,5,3,5,2,2,5,5,5,4,2,5,4,4,4,4,5,4,5,5,2,2,3,2,2,2,5,3,2,5,5,4,4,4,4,5,2,890408425,2011,0,2,4,4,5,5,2,2,5,5,5,5,2,5,5,0,0,0,0,0,3,1,2,1,1,0,0,0,0,2,3,0,0,0,0,0,0,0,0,377862126,2010,1,1,3,5,4,5,2,3,5,3,5,4,5,5,4,3,4,4,1,4,5,5,2,3,2,2,2,2,1,3,3,5,5,4,3,3,4,3,1,226742527,1999,0,2,4,5,4,3,1,2,5,4,4,5,4,4,5,0,0,0,0,0,5,5,5,5,5,0,0,0,0,4,3,0,0,0,0,0,0,0,0,543527628,1998,1,1,4,5,4,4,1,3,5,5,4,4,2,4,4,3,4,4,2,4,5,5,2,4,3,5,3,4,2,4,2,3,5,5,2,3,5,4,4,470594529,2006,1,2,1,1,4,4,2,1,1,4,4,4,5,2,4,0,0,0,0,0,1,1,1,1,1,0,0,0,0,1,3,0,0,0,0,0,0,0,0,344789030,2008,0,1,1,1,3,3,2,1,1,5,5,5,2,5,5,0,0,0,0,0,1,1,1,1,1,0,0,0,0,1,3,0,0,0,0,0,0,0,0,300819931,2012,1,1,4,5,4,4,1,3,5,5,5,5,2,5,5,2,3,3,1,3,4,2,1,2,1,5,2,5,2,2,3,4,3,3,2,3,4,3,3,205864432,2009,0,2,3,4,3,4,3,2,5,4,4,4,3,4,4,0,0,0,0,0,5,1,1,1,1,0,0,0,0,1,3,0,0,0,0,0,0,0,0,326192433,2013,0,2,2,3,4,4,2,2,5,5,5,5,1,5,5,0,0,0,0,0,3,1,1,2,1,0,0,0,0,2,3,0,0,0,0,0,0,0,0,237120234,2012,1,2,4,5,4,4,1,3,5,4,4,5,4,4,5,0,0,0,0,0,1,4,1,2,1,0,0,0,0,4,3,0,0,0,0,0,0,0,0,410088635,1996,0,1,4,5,4,3,1,2,5,4,4,5,5,4,5,2,2,4,2,4,5,5,4,3,5,3,3,3,4,3,2,4,1,3,3,3,4,3,3,390388436,2008,1,2,3,5,5,3,1,5,5,5,5,5,2,5,5,0,0,0,0,0,2,5,2,4,3,0,0,0,0,3,3,0,0,0,0,0,0,0,0,302826737,2010,1,1,2,3,4,3,1,5,5,5,5,5,1,5,5,1,1,2,1,4,1,3,1,2,5,1,1,1,1,1,3,5,5,5,3,4,4,3,1,274068738,2011,1,2,3,5,4,4,2,5,5,4,5,4,3,5,4,0,0,0,0,0,1,4,1,1,1,0,0,0,0,2,2,0,0,0,0,0,0,0,0,546170039,2009,1,1,4,5,4,4,2,3,5,4,4,4,4,4,4,4,4,3,3,3,3,5,1,2,2,3,3,3,1,2,2,4,1,2,2,3,4,3,2,381805540,2011,1,1,3,5,4,4,2,2,5,1,4,4,5,2,4,4,4,4,3,3,5,5,5,1,1,5,5,5,1,3,2,5,5,3,3,3,4,3,2,683648341,2009,1,1,4,5,5,4,1,5,5,3,4,5,5,3,5,3,4,5,5,4,5,5,5,5,5,5,3,5,1,5,1,5,5,4,3,3,4,4,1,455423742,2011,1,1,12,7.5,6,6,4,4,10,8,10,10,6,10,7.5,0,0,0,0,0,25,15,6,4,20,0,0,0,0,7.5,5,0,0,0,0,0,0,0,0,495225543,2009,1,2,2,4,5,4,1,2,5,5,5,5,2,5,5,0,0,0,0,0,1,1,1,2,1,0,0,0,0,1,3,0,0,0,0,0,0,0,0,273264544,2004,1,1,2,3,5,3,1,5,5,5,5,5,1,5,5,1,1,3,1,4,1,3,1,2,1,1,1,1,1,2,3,3,5,5,2,3,4,3,4,426417645,2012,0,2,6,6,6,4.5,2,8,10,10,10,8,4,10,6,0,0,0,0,0,5,15,3,2,5,0,0,0,0,5,7.5,0,0,0,0,0,0,0,0,375288546,2011,1,1,3,5,5,3,1,2,5,5,5,5,2,5,5,2,2,4,2,4,2,5,2,4,2,1,1,1,4,3,3,5,5,4,2,2,4,3,3,425075847,2009,1,1,4,5,5,3,1,2,5,4,5,5,3,5,5,4,4,3,5,4,3,5,3,5,5,4,4,4,4,5,3,4,1,2,2,3,5,5,1,786542848,2011,0,2,4,5,4,4,2,2,5,4,4,5,4,4,5,0,0,0,0,0,5,5,3,3,5,0,0,0,0,4,3,0,0,0,0,0,0,0,0,720178449,2008,1,2,12,7.5,6,6,2,8,10,10,10,10,4,10,7.5,0,0,0,0,0,15,3,3,3,5,0,0,0,0,7.5,7.5,0,0,0,0,0,0,0,0,863068250,2010,1,1,3,5,4,5,3,4,5,4,4,4,5,4,4,1,1,2,1,1,5,5,1,3,2,2,2,2,1,3,3,5,2,3,2,2,2,3,3,215609851,2011,0,1,2,2,4,4,2,2,4,4,5,5,4,5,5,0,0,0,0,0,5,4,2,1,2,0,0,0,0,1,3,0,0,0,0,0,0,0,0,327304152,2013,0,2,2,3,4,4,2,1,1,4,4,5,3,4,5,0,0,0,0,0,1,1,1,1,1,0,0,0,0,1,3,0,0,0,0,0,0,0,0,176323153,2013,0,2,3,4,4,3,1,2,5,5,5,5,2,5,5,0,0,0,0,0,2,4,2,1,1,0,0,0,0,3,3,0,0,0,0,0,0,0,0,559526754,1999,0,1,2,4,5,4,1,1,3,4,4,4,4,2,3,0,0,0,0,0,1,2,2,1,1,0,0,0,0,2,3,0,0,0,0,0,0,0,0,465186655,2008,1,2,2,4,4,4,1,4,5,5,5,5,1,5,5,0,0,0,0,0,1,1,1,1,1,0,0,0,0,3,3,0,0,0,0,0,0,0,0,694117356,2013,1,1,4,5,4,4,2,2,5,4,4,4,5,3,4,0,0,0,0,0,4,5,2,2,2,0,0,0,0,3,3,0,0,0,0,0,0,0,0,239053457,2008,0,2,2,3,4,3,1,4,5,5,5,5,2,5,5,0,0,0,0,0,1,2,1,1,1,0,0,0,0,3,2,0,0,0,0,0,0,0,0,325883758,2012,1,2,3,4,4,5,2,2,5,5,5,5,2,5,5,0,0,0,0,0,1,3,1,3,1,0,0,0,0,2,3,0,0,0,0,0,0,0,0,300442959,2007,1,2,4,5,4,4,1,3,5,5,5,5,2,5,5,0,0,0,0,0,3,3,1,3,1,0,0,0,0,2,3,0,0,0,0,0,0,0,0,360046760,2012,1,1,12,7.5,6,6,2,6,10,8,10,10,6,10,7.5,6,4,9,3,12,10,15,6,3,10,4,4,5,2.5,5,7.5,10,15,20,4,18,12,12,2,316497261,2008,1,2,12,7.5,6,6,4,6,10,8,8,8,6,8,6,0,0,0,0,0,15,12,3,2,5,0,0,0,0,7.5,5,0,0,0,0,0,0,0,0,435057362,2010,0,2,2,4,4,4,2,3,5,5,5,4,2,5,4,4,1,2,2,4,3,1,1,1,1,3,3,3,1,2,3,1,1,3,2,3,1,3,3,528621263,2013,0,2,2,2,4,4,3,1,4,5,5,5,2,5,5,0,0,0,0,0,2,1,1,1,1,0,0,0,0,1,3,0,0,0,0,0,0,0,0,161968364,1998,1,1,12,7.5,6,6,2,8,10,10,10,10,4,10,7.5,15,10,15,15,12,10,9,6,3,5,10,10,12.5,5,5,7.5,20,15,25,4,24,15,20,6,255125265,2013,1,2,3,5,4,3,1,2,5,5,5,5,1,5,5,0,0,0,0,0,1,1,1,1,1,0,0,0,0,1,3,0,0,0,0,0,0,0,0,175606966,2010,0,2,2,2,4,3,1,1,1,4,5,5,3,5,5,0,0,0,0,0,4,3,1,1,2,0,0,0,0,2,3,0,0,0,0,0,0,0,0,188213167,2011,1,2,4,5,4,5,2,4,5,4,4,4,3,3,4,0,0,0,0,0,5,5,3,5,3,0,0,0,0,5,1,0,0,0,0,0,0,0,0,405273368,2010,1,1,2,4,3,4,2,3,5,5,5,4,1,5,4,2,2,2,1,4,2,1,1,2,1,5,3,5,5,2,3,5,5,5,4,4,4,3,4,383672169,2011,0,1,2,2,4,5,4,2,5,5,5,5,1,5,5,0,0,0,0,0,3,1,1,2,1,0,0,0,0,2,3,0,0,0,0,0,0,0,0,345238270,2006,1,2,4,5,4,4,1,4,5,5,5,5,2,5,5,0,0,0,0,0,3,5,1,4,2,0,0,0,0,3,3,0,0,0,0,0,0,0,0,398276771,2006,1,1,12,7.5,6,6,2,10,10,10,10,10,4,10,7.5,9,8,12,3,12,10,9,6,3,5,8,8,10,10,10,7.5,5,6,10,6,18,12,12,6,413642572,2009,1,1,3,5,4,4,2,2,5,3,4,5,5,4,5,3,2,3,1,4,4,5,5,3,5,5,2,5,3,5,1,4,3,3,2,3,4,3,1,252537573,2011,1,2,4,5,4,5,2,2,5,3,4,5,5,4,5,0,0,0,0,0,5,5,5,5,5,0,0,0,0,5,0,0,0,0,0,0,0,0,0,334776774,2011,1,1,12,7.5,6,6,2,8,10,8,8,8,8,8,6,12,10,12,9,9,20,15,6,4,25,10,8,10,2.5,12.5,2.5,20,9,15,4,12,12,12,4,550081875,2005,1,2,5,5,4,5,1,4,5,3,4,4,5,3,4,0,0,0,0,0,5,5,5,5,4,0,0,0,0,5,0,0,0,0,0,0,0,0,0,1654906476,2008,1,2,2,2,4,4,2,2,5,5,5,5,2,5,5,0,0,0,0,0,3,4,1,2,1,0,0,0,0,2,3,0,0,0,0,0,0,0,0,459042377,2013,1,2,3,5,3,5,3,4,5,4,4,4,5,4,4,0,0,0,0,0,5,5,1,3,1,0,0,0,0,3,2,0,0,0,0,0,0,0,0,190484278,2012,1,1,9,7.5,6,7.5,8,6,10,10,8,8,4,6,6,3,2,9,3,12,25,12,6,2,10,4,4,5,2.5,7.5,2.5,20,9,20,4,18,12,12,2,387134479,2010,0,1,4,5,4,3,1,3,5,5,5,5,1,5,5,2,2,4,2,4,3,3,1,4,4,3,3,3,2,2,3,4,5,5,3,3,4,4,3,631322180,2009,1,2,4,5,4,5,1,3,5,5,5,5,2,5,5,0,0,0,0,0,3,5,2,5,3,0,0,0,0,5,1,0,0,0,0,0,0,0,0,372736481,2005,1,2,2,4,4,4,1,3,5,4,5,5,3,5,5,0,0,0,0,0,2,4,2,2,1,0,0,0,0,2,3,0,0,0,0,0,0,0,0,406661882,2010,0,2,2,2,4,3,2,1,5,4,5,5,5,5,5,0,0,0,0,0,5,4,2,2,2,0,0,0,0,2,3,0,0,0,0,0,0,0,0,380749683,1998,1,1,2,4,4,4,2,5,5,4,5,4,3,5,4,4,4,5,5,5,2,4,1,2,1,5,5,5,1,2,3,5,5,5,3,4,4,5,3,596619384,2009,1,1,4,4,5,3,1,3,5,5,5,5,2,5,5,3,2,4,1,4,1,3,2,2,3,3,2,3,5,2,3,4,3,3,2,4,4,3,1,425055385,2000,1,2,3,5,4,4,2,5,5,4,5,4,3,5,4,0,0,0,0,0,1,4,1,1,1,0,0,0,0,2,3,0,0,0,0,0,0,0,0,749509286,2011,0,2,3,3,4,4,2,2,5,4,5,5,3,5,5,0,0,0,0,0,3,5,1,3,2,0,0,0,0,2,3,0,0,0,0,0,0,0,0,335138387,2008,1,2,5,5,4,4,1,3,5,5,4,4,2,4,4,0,0,0,0,0,5,5,3,4,2,0,0,0,0,5,2,0,0,0,0,0,0,0,0,590659688,2013,0,2,1,2,5,4,1,2,1,4,5,5,3,5,5,0,0,0,0,0,1,1,1,1,1,0,0,0,0,1,2,0,0,0,0,0,0,0,0,202529789,2009,1,1,1,1,4,3,1,2,1,5,5,5,1,5,5,1,1,1,1,1,2,1,1,1,1,1,1,1,5,1,3,5,4,4,3,3,4,2,3,236447890,2013,1,2,12,7.5,6,6,2,8,10,10,8,8,4,8,6,0,0,0,0,0,15,9,3,3,5,0,0,0,0,5,7.5,0,0,0,0,0,0,0,0,342616991,2007,0,1,3,5,4,4,1,2,5,5,5,5,1,5,5,0,0,0,0,0,3,2,1,2,2,0,0,0,0,1,3,0,0,0,0,0,0,0,0,208344792,2002,1,2,12,7.5,7.5,6,2,10,10,8,8,10,8,8,7.5,0,0,0,0,0,25,15,6,3,25,0,0,0,0,10,7.5,0,0,0,0,0,0,0,0,678242593,2012,0,1,3,4,4,4,1,2,5,4,4,5,4,4,5,5,5,3,2,4,3,5,1,3,1,2,2,2,1,2,2,3,1,4,3,4,5,5,3,341087894,2011,0,2,2,3,4,4,2,2,5,5,5,5,1,5,5,3,2,4,1,3,3,2,1,2,1,5,1,2,5,1,3,4,4,3,4,4,4,3,5,375372095,2012,0,2,2,4,4,4,2,2,5,5,5,5,2,5,5,0,0,0,0,0,1,1,1,1,1,0,0,0,0,1,3,0,0,0,0,0,0,0,0,127049996,2011,0,2,4,5,2,4,2,2,5,4,4,4,3,4,4,0,0,0,0,0,3,2,1,2,3,0,0,0,0,2,2,0,0,0,0,0,0,0,0,641262397,2009,1,2,3,5,4,4,1,4,5,4,5,4,4,5,4,0,0,0,0,0,4,5,2,4,5,0,0,0,0,5,1,0,0,0,0,0,0,0,0,669479798,2011,0,2,3,4,4,4,1,2,5,2,4,5,5,4,5,0,0,0,0,0,3,5,1,3,1,0,0,0,0,2,3,0,0,0,0,0,0,0,0,234468999,1999,1,1,4,5,4,4,2,4,5,4,4,4,5,3,4,5,5,5,5,5,5,5,5,3,1,5,5,5,1,5,1,5,5,4,2,5,5,5,3,13575224100,2007,1,2,3,5,4,4,2,5,5,5,5,5,2,5,5,0,0,0,0,0,4,5,2,2,1,0,0,0,0,4,3,0,0,0,0,0,0,0,0,9652350101,2012,0,1,3,4,5,4,2,2,5,4,5,5,4,5,5,5,4,5,5,4,5,5,4,2,5,1,1,1,0,2,3,5,5,5,5,4,5,5,4,4758476102,2004,0,2,4,5,2,5,2,2,5,4,4,4,3,4,4,0,0,0,0,0,4,4,1,2,3,0,0,0,0,1,3,0,0,0,0,0,0,0,0,2738052103,2011,0,2,2,4,4,4,1,2,5,5,5,5,2,5,5,0,0,0,0,0,2,3,1,2,1,0,0,0,0,2,2,0,0,0,0,0,0,0,0,4429512104,2007,0,1,4,5,4,3,1,3,5,5,5,5,2,5,5,1,2,2,1,3,2,5,1,3,4,1,1,4,3,2,3,5,5,3,3,5,4,3,2,4467728105,2008,0,2,1,2,5,3,1,2,1,5,5,5,1,5,5,0,0,0,0,0,1,1,1,1,1,0,0,0,0,1,2,0,0,0,0,0,0,0,0,2792031106,2008,0,2,3,3,6,6,4,2,2,8,10,10,6,10,7.5,0,0,0,0,0,5,3,3,1,5,0,0,0,0,2.5,7.5,0,0,0,0,0,0,0,0,4888774107,2011,0,1,4,4,4,4,1,2,5,4,5,5,3,5,5,3,5,5,3,4,5,5,3,3,5,2,2,2,3,3,1,5,5,5,3,4,4,4,3,3248660108,2012,0,2,1,2,5,4,1,2,1,5,4,4,2,4,3,0,0,0,0,0,1,1,1,1,1,0,0,0,0,2,3,0,0,0,0,0,0,0,0,3570392109,2007,1,2,2,4,3,5,4,5,5,4,4,4,5,4,4,0,0,0,0,0,1,2,1,1,1,0,0,0,0,3,2,0,0,0,0,0,0,0,0,4219263110,2012,0,1,6,3,6,6,4,4,10,8,10,10,6,10,7.5,9,8,12,3,12,10,12,6,1,10,2,2,2.5,2.5,5,7.5,15,3,15,6,18,12,16,6,2954086111,2012,0,2,2,3,4,4,2,1,5,5,5,5,1,5,5,0,0,0,0,0,1,1,1,1,1,0,0,0,0,2,3,0,0,0,0,0,0,0,0,2993069112,1998,1,1,4,5,5,4,1,5,5,5,4,4,2,4,4,3,4,2,1,4,2,3,2,2,1,3,3,4,5,3,3,3,2,1,2,2,1,3,3,3784230113,2006,0,2,3,4,4,4,1,2,5,5,5,5,2,5,5,0,0,0,0,0,2,3,1,2,1,0,0,0,0,2,2,0,0,0,0,0,0,0,0,2097022114,2008,0,1,4,5,5,4,2,2,5,4,5,5,3,5,5,3,4,3,1,3,5,5,4,5,5,3,3,3,2,4,1,5,3,3,2,3,4,3,1,4155435115,2012,1,1,6,4.5,6,6,4,8,10,10,10,10,4,10,7.5,6,4,12,6,12,5,9,3,2,5,8,8,10,12.5,5,7.5,25,15,25,4,18,12,16,8,4882985116,2012,1,2,2,4,4,4,2,2,5,4,4,5,3,4,5,0,0,0,0,0,2,2,1,1,1,0,0,0,0,3,3,0,0,0,0,0,0,0,0,8894598117,2005,1,1,3,5,4,5,3,3,5,4,4,5,4,2,5,1,3,3,1,4,5,5,4,2,2,1,1,1,1,3,1,3,3,3,2,3,4,3,1,2018785118,2009,1,1,12,7.5,7.5,4.5,2,10,10,10,10,10,4,10,7.5,3,4,9,3,3,10,15,3,4,5,6,4,7.5,5,10,5,25,6,10,4,18,12,12,2,1847826119,2014,1,1,4,5,4,4,2,3,5,5,5,5,1,5,5,0,0,0,0,0,2,2,2,1,1,0,0,0,0,2,3,0,0,0,0,0,0,0,0,3780019120,2011,0,2,2,3,4,4,2,2,5,4,5,5,3,5,5,0,0,0,0,0,5,4,2,2,3,0,0,0,0,2,3,0,0,0,0,0,0,0,0,4067566121,2004,1,2,2,4,4,4,2,3,5,5,5,4,2,5,4,0,0,0,0,0,2,2,1,1,1,0,0,0,0,2,3,0,0,0,0,0,0,0,0,3445076122,1997,1,1,12,7.5,6,7.5,2,8,10,8,8,8,10,6,6,15,8,12,6,9,25,15,9,5,15,6,10,10,5,12.5,2.5,25,15,25,6,18,3,16,6,4286645123,2011,0,2,1,1,4,3,1,1,1,4,5,5,3,5,5,0,0,0,0,0,1,1,1,1,1,0,0,0,0,2,3,0,0,0,0,0,0,0,0,4263629124,2005,1,3,1,3,0,5,5,5,1,5,5,5,2,5,5,0,0,0,0,0,1,2,2,1,2,0,0,0,0,2,3,0,0,0,0,0,0,0,0,3810007125,2010,0,1,9,6,6,6,4,6,10,6,8,10,10,8,7.5,9,10,15,3,12,15,15,9,2,25,6,4,7.5,2.5,5,7.5,20,9,15,4,24,12,16,2,4780607126,2008,0,1,3,3,4,4,2,2,5,4,5,5,3,5,5,1,5,4,2,4,5,5,2,1,4,3,3,3,2,2,3,5,5,5,4,2,5,3,2,4015749127,2007,0,2,3,4,4,4,2,2,5,5,5,5,1,5,5,0,0,0,0,0,3,2,1,2,1,0,0,0,0,3,3,0,0,0,0,0,0,0,0,7592272128,2011,1,2,2,4,4,4,1,2,5,5,5,5,1,5,5,0,0,0,0,0,1,1,1,1,1,0,0,0,0,3,2,0,0,0,0,0,0,0,0,2383840129,2007,0,2,4,5,5,4,2,2,5,4,5,5,3,5,5,0,0,0,0,0,5,5,4,5,5,0,0,0,0,4,1,0,0,0,0,0,0,0,0,3939804130,2011,0,2,3,4,3,4,2,1,5,5,5,5,2,5,5,0,0,0,0,0,3,1,1,1,1,0,0,0,0,2,3,0,0,0,0,0,0,0,0,3376145131,2002,1,2,3,4,4,5,3,4,5,4,4,4,5,4,4,0,0,0,0,0,4,5,1,2,1,0,0,0,0,3,2,0,0,0,0,0,0,0,0,3199619132,2008,0,2,2,3,3,5,4,2,4,4,4,4,4,4,4,0,0,0,0,0,4,3,2,1,1,0,0,0,0,2,3,0,0,0,0,0,0,0,0,5787594133,2006,1,2,4,5,4,4,2,3,5,4,4,5,5,4,5,0,0,0,0,0,3,2,2,1,1,0,0,0,0,3,3,0,0,0,0,0,0,0,0,9262754134,2006,0,2,3,4,4,4,2,3,5,5,5,5,1,5,5,0,0,0,0,0,2,3,1,2,2,0,0,0,0,2,3,0,0,0,0,0,0,0,0,2544857135,2010,1,2,4,5,4,5,2,2,5,5,5,5,2,5,5,0,0,0,0,0,1,1,1,1,1,0,0,0,0,3,3,0,0,0,0,0,0,0,0,7217634136,2009,1,2,4,5,3,5,2,2,5,4,4,5,4,4,5,0,0,0,0,0,2,1,1,1,1,0,0,0,0,3,3,0,0,0,0,0,0,0,0,6363241